{"cameraMode":{"drawMode":0,"name":"Shaded","section":"Shading Mode"},"sceneLighting":true,"audioPlay":false,"sceneViewState":{"showFog":false,"showMaterialUpdate":false,"showSkybox":false,"showFlares":false,"showImageEffects":false,"showParticleSystems":false},"in2DMode":false,"pivot":{"x":0.5901072025299072,"y":1.573325276374817,"z":-11.773279190063477},"rotation":{"x":0.12120130658149719,"y":-0.0014890504535287619,"z":0.00018180703045800328,"w":0.9926268458366394},"size":1.8618695735931397,"orthographic":false}